token,name,TRNC,Volume,Liquidity,FDV,Link,response
FTAILS,fTAILSFTM,54,6.5K,46K,73K,https://dexscreener.com/fantom/0xe9ece32363575e67aed463d2fb4e77a8294b004c,<200 https://api.zenrows.com/v1/?apikey=8aef56505dd4a963c9c1fe444cffe0873526cd1e&url=https%3A%2F%2Fdexscreener.com%2F%3FrankBy%3DtrendingScoreH6%26order%3Ddesc%26minLiq%3D1000%26minFdv%3D15000%26maxFdv%3D100000%26minAge%3D720%26maxAge%3D8640&js_render=true&antibot=true&premium_proxy=true>
opXEN,XEN Crypto,89,4.7K,10K,50K,https://dexscreener.com/optimism/0xfdf64c32f4a03923547e6061911483b793e8d7e2,<200 https://api.zenrows.com/v1/?apikey=8aef56505dd4a963c9c1fe444cffe0873526cd1e&url=https%3A%2F%2Fdexscreener.com%2F%3FrankBy%3DtrendingScoreH6%26order%3Ddesc%26minLiq%3D1000%26minFdv%3D15000%26maxFdv%3D100000%26minAge%3D720%26maxAge%3D8640&js_render=true&antibot=true&premium_proxy=true>
SFD,Safudex,195,53K,27K,40K,https://dexscreener.com/ethereum/0xb5d39f7956b8c72484ed84b9a29649e6c2b25631,<200 https://api.zenrows.com/v1/?apikey=8aef56505dd4a963c9c1fe444cffe0873526cd1e&url=https%3A%2F%2Fdexscreener.com%2F%3FrankBy%3DtrendingScoreH6%26order%3Ddesc%26minLiq%3D1000%26minFdv%3D15000%26maxFdv%3D100000%26minAge%3D720%26maxAge%3D8640&js_render=true&antibot=true&premium_proxy=true>
GMFTM,#GMFTM,24,1.8K,11K,53K,https://dexscreener.com/fantom/0xb6bc2682f196c1fd32bd6b0de4af7696a3bb83f9,<200 https://api.zenrows.com/v1/?apikey=8aef56505dd4a963c9c1fe444cffe0873526cd1e&url=https%3A%2F%2Fdexscreener.com%2F%3FrankBy%3DtrendingScoreH6%26order%3Ddesc%26minLiq%3D1000%26minFdv%3D15000%26maxFdv%3D100000%26minAge%3D720%26maxAge%3D8640&js_render=true&antibot=true&premium_proxy=true>
BTCS,Bitcoin Spark,4,41,4.2K,15K,https://dexscreener.com/ethereum/0xca4fdf633a0f82c2c59dcef677cd7bef73506827,<200 https://api.zenrows.com/v1/?apikey=8aef56505dd4a963c9c1fe444cffe0873526cd1e&url=https%3A%2F%2Fdexscreener.com%2F%3FrankBy%3DtrendingScoreH6%26order%3Ddesc%26minLiq%3D1000%26minFdv%3D15000%26maxFdv%3D100000%26minAge%3D720%26maxAge%3D8640&js_render=true&antibot=true&premium_proxy=true>
Xeno,Xeno,19,8.2K,37K,90K,https://dexscreener.com/ethereum/0x82701111940bccc99127ecb209a651141822a69b,<200 https://api.zenrows.com/v1/?apikey=8aef56505dd4a963c9c1fe444cffe0873526cd1e&url=https%3A%2F%2Fdexscreener.com%2F%3FrankBy%3DtrendingScoreH6%26order%3Ddesc%26minLiq%3D1000%26minFdv%3D15000%26maxFdv%3D100000%26minAge%3D720%26maxAge%3D8640&js_render=true&antibot=true&premium_proxy=true>
TOSHI,Toshi,47,2.9K,1.3K,88K,https://dexscreener.com/base/0x5f0a153a64fd734c111b770da11de2c385ca8042,<200 https://api.zenrows.com/v1/?apikey=8aef56505dd4a963c9c1fe444cffe0873526cd1e&url=https%3A%2F%2Fdexscreener.com%2F%3FrankBy%3DtrendingScoreH6%26order%3Ddesc%26minLiq%3D1000%26minFdv%3D15000%26maxFdv%3D100000%26minAge%3D720%26maxAge%3D8640&js_render=true&antibot=true&premium_proxy=true>
BENANCE,BENANCE,8,1.9K,31K,52K,https://dexscreener.com/ethereum/0xab3f65c91bad49df8ebb4f15fc1f11655c2a78f7,<200 https://api.zenrows.com/v1/?apikey=8aef56505dd4a963c9c1fe444cffe0873526cd1e&url=https%3A%2F%2Fdexscreener.com%2F%3FrankBy%3DtrendingScoreH6%26order%3Ddesc%26minLiq%3D1000%26minFdv%3D15000%26maxFdv%3D100000%26minAge%3D720%26maxAge%3D8640&js_render=true&antibot=true&premium_proxy=true>
PAAL,PAAL AI,3,213,66K,69K,https://dexscreener.com/ethereum/0x58bd02eb1061155defcbb9ffa541a16ec6942b79,<200 https://api.zenrows.com/v1/?apikey=8aef56505dd4a963c9c1fe444cffe0873526cd1e&url=https%3A%2F%2Fdexscreener.com%2F%3FrankBy%3DtrendingScoreH6%26order%3Ddesc%26minLiq%3D1000%26minFdv%3D15000%26maxFdv%3D100000%26minAge%3D720%26maxAge%3D8640&js_render=true&antibot=true&premium_proxy=true>
IBTC,iShares Bitcoin,19,4.8K,26K,47K,https://dexscreener.com/ethereum/0xfe0c4acfa8fc6dea7887cd633b995fd4503b4eda,<200 https://api.zenrows.com/v1/?apikey=8aef56505dd4a963c9c1fe444cffe0873526cd1e&url=https%3A%2F%2Fdexscreener.com%2F%3FrankBy%3DtrendingScoreH6%26order%3Ddesc%26minLiq%3D1000%26minFdv%3D15000%26maxFdv%3D100000%26minAge%3D720%26maxAge%3D8640&js_render=true&antibot=true&premium_proxy=true>
BPEPE,Blue Pepe,57,5.4K,18K,95K,https://dexscreener.com/fantom/0x7634b3fe89e221c6e865ae4afc1e5eba6395a4a4,<200 https://api.zenrows.com/v1/?apikey=8aef56505dd4a963c9c1fe444cffe0873526cd1e&url=https%3A%2F%2Fdexscreener.com%2F%3FrankBy%3DtrendingScoreH6%26order%3Ddesc%26minLiq%3D1000%26minFdv%3D15000%26maxFdv%3D100000%26minAge%3D720%26maxAge%3D8640&js_render=true&antibot=true&premium_proxy=true>
MEMES,MEMES ST,16,5.4K,32K,75K,https://dexscreener.com/ethereum/0x939b4ac904066af7513cd2002c271aa3f7a71976,<200 https://api.zenrows.com/v1/?apikey=8aef56505dd4a963c9c1fe444cffe0873526cd1e&url=https%3A%2F%2Fdexscreener.com%2F%3FrankBy%3DtrendingScoreH6%26order%3Ddesc%26minLiq%3D1000%26minFdv%3D15000%26maxFdv%3D100000%26minAge%3D720%26maxAge%3D8640&js_render=true&antibot=true&premium_proxy=true>
SQUID,Squid Game,8,2.4K,33K,50K,https://dexscreener.com/ethereum/0xdf8ef47910ce4a196f83b86b80809f1c5201650a,<200 https://api.zenrows.com/v1/?apikey=8aef56505dd4a963c9c1fe444cffe0873526cd1e&url=https%3A%2F%2Fdexscreener.com%2F%3FrankBy%3DtrendingScoreH6%26order%3Ddesc%26minLiq%3D1000%26minFdv%3D15000%26maxFdv%3D100000%26minAge%3D720%26maxAge%3D8640&js_render=true&antibot=true&premium_proxy=true>
$Tools-Fi,Tools-Fi,214,11K,12K,50K,https://dexscreener.com/bsc/0x448aba5e3ea5e68f1cd1895677b9a4426e421811,<200 https://api.zenrows.com/v1/?apikey=8aef56505dd4a963c9c1fe444cffe0873526cd1e&url=https%3A%2F%2Fdexscreener.com%2F%3FrankBy%3DtrendingScoreH6%26order%3Ddesc%26minLiq%3D1000%26minFdv%3D15000%26maxFdv%3D100000%26minAge%3D720%26maxAge%3D8640&js_render=true&antibot=true&premium_proxy=true>
STARSHIP,Starship,5,823,37K,50K,https://dexscreener.com/ethereum/0x46290c5ca856408ddbb733954626ce7970ed8723,<200 https://api.zenrows.com/v1/?apikey=8aef56505dd4a963c9c1fe444cffe0873526cd1e&url=https%3A%2F%2Fdexscreener.com%2F%3FrankBy%3DtrendingScoreH6%26order%3Ddesc%26minLiq%3D1000%26minFdv%3D15000%26maxFdv%3D100000%26minAge%3D720%26maxAge%3D8640&js_render=true&antibot=true&premium_proxy=true>
BUZZ,Bee Tools,25,5.8K,42K,87K,https://dexscreener.com/ethereum/0x655b02c5b6c62062a1fd1ac025283b3653fde5c4,<200 https://api.zenrows.com/v1/?apikey=8aef56505dd4a963c9c1fe444cffe0873526cd1e&url=https%3A%2F%2Fdexscreener.com%2F%3FrankBy%3DtrendingScoreH6%26order%3Ddesc%26minLiq%3D1000%26minFdv%3D15000%26maxFdv%3D100000%26minAge%3D720%26maxAge%3D8640&js_render=true&antibot=true&premium_proxy=true>
dog,dog,3,360,63K,84K,https://dexscreener.com/ethereum/0x86f5d59a687170cf431500d7007106005cec2ee9,<200 https://api.zenrows.com/v1/?apikey=8aef56505dd4a963c9c1fe444cffe0873526cd1e&url=https%3A%2F%2Fdexscreener.com%2F%3FrankBy%3DtrendingScoreH6%26order%3Ddesc%26minLiq%3D1000%26minFdv%3D15000%26maxFdv%3D100000%26minAge%3D720%26maxAge%3D8640&js_render=true&antibot=true&premium_proxy=true>
HORA,Hora Token,10,4,7.1K,23K,https://dexscreener.com/polygon/0x0748ee9eafaee8bbfb591cd06f4231ef8d908f07,<200 https://api.zenrows.com/v1/?apikey=8aef56505dd4a963c9c1fe444cffe0873526cd1e&url=https%3A%2F%2Fdexscreener.com%2F%3FrankBy%3DtrendingScoreH6%26order%3Ddesc%26minLiq%3D1000%26minFdv%3D15000%26maxFdv%3D100000%26minAge%3D720%26maxAge%3D8640&js_render=true&antibot=true&premium_proxy=true>
aXEN,XEN Crypto,16,404,5.4K,80K,https://dexscreener.com/avalanche/0x90fbfd28f16fa163b914be6b9b3eeeb1c3e02fe5,<200 https://api.zenrows.com/v1/?apikey=8aef56505dd4a963c9c1fe444cffe0873526cd1e&url=https%3A%2F%2Fdexscreener.com%2F%3FrankBy%3DtrendingScoreH6%26order%3Ddesc%26minLiq%3D1000%26minFdv%3D15000%26maxFdv%3D100000%26minAge%3D720%26maxAge%3D8640&js_render=true&antibot=true&premium_proxy=true>
ide,ide.x.ai,5,1.6K,24K,46K,https://dexscreener.com/ethereum/0x676db02ac211852711611d444340271ff27f2a5d,<200 https://api.zenrows.com/v1/?apikey=8aef56505dd4a963c9c1fe444cffe0873526cd1e&url=https%3A%2F%2Fdexscreener.com%2F%3FrankBy%3DtrendingScoreH6%26order%3Ddesc%26minLiq%3D1000%26minFdv%3D15000%26maxFdv%3D100000%26minAge%3D720%26maxAge%3D8640&js_render=true&antibot=true&premium_proxy=true>
ZAPI,Zapicorn,3,990,29K,59K,https://dexscreener.com/ethereum/0x16b072ea65a70ef2abfadc2a7f5d5c4fc7a2146d,<200 https://api.zenrows.com/v1/?apikey=8aef56505dd4a963c9c1fe444cffe0873526cd1e&url=https%3A%2F%2Fdexscreener.com%2F%3FrankBy%3DtrendingScoreH6%26order%3Ddesc%26minLiq%3D1000%26minFdv%3D15000%26maxFdv%3D100000%26minAge%3D720%26maxAge%3D8640&js_render=true&antibot=true&premium_proxy=true>
XAI,Grok,625,73K,32K,64K,https://dexscreener.com/bsc/0x9fdc429b2c8a79fe863b8727fc52f837831f47ff,<200 https://api.zenrows.com/v1/?apikey=8aef56505dd4a963c9c1fe444cffe0873526cd1e&url=https%3A%2F%2Fdexscreener.com%2F%3FrankBy%3DtrendingScoreH6%26order%3Ddesc%26minLiq%3D1000%26minFdv%3D15000%26maxFdv%3D100000%26minAge%3D720%26maxAge%3D8640&js_render=true&antibot=true&premium_proxy=true>
PHNX,Phenix Finance,11,2.3K,50K,87K,https://dexscreener.com/cronos/0x8d467068e5d1ecc224b986315f21a25fbde246ae,<200 https://api.zenrows.com/v1/?apikey=8aef56505dd4a963c9c1fe444cffe0873526cd1e&url=https%3A%2F%2Fdexscreener.com%2F%3FrankBy%3DtrendingScoreH6%26order%3Ddesc%26minLiq%3D1000%26minFdv%3D15000%26maxFdv%3D100000%26minAge%3D720%26maxAge%3D8640&js_render=true&antibot=true&premium_proxy=true>
MIC,Magic Internet Cash,16,8.2K,13K,70K,https://dexscreener.com/ethereum/0xb961e90b10608cff90a76557a2e02e007fe2b062,<200 https://api.zenrows.com/v1/?apikey=8aef56505dd4a963c9c1fe444cffe0873526cd1e&url=https%3A%2F%2Fdexscreener.com%2F%3FrankBy%3DtrendingScoreH6%26order%3Ddesc%26minLiq%3D1000%26minFdv%3D15000%26maxFdv%3D100000%26minAge%3D720%26maxAge%3D8640&js_render=true&antibot=true&premium_proxy=true>
BLAST,Blast Inu,5,608,22K,49K,https://dexscreener.com/ethereum/0x8c9e7af17af96d00541466e1c5210873dcf38162,<200 https://api.zenrows.com/v1/?apikey=8aef56505dd4a963c9c1fe444cffe0873526cd1e&url=https%3A%2F%2Fdexscreener.com%2F%3FrankBy%3DtrendingScoreH6%26order%3Ddesc%26minLiq%3D1000%26minFdv%3D15000%26maxFdv%3D100000%26minAge%3D720%26maxAge%3D8640&js_render=true&antibot=true&premium_proxy=true>
JEFF,JEFF,5,1.2K,54K,86K,https://dexscreener.com/ethereum/0x6cc5a415327733f493481e40a23de14413739660,<200 https://api.zenrows.com/v1/?apikey=8aef56505dd4a963c9c1fe444cffe0873526cd1e&url=https%3A%2F%2Fdexscreener.com%2F%3FrankBy%3DtrendingScoreH6%26order%3Ddesc%26minLiq%3D1000%26minFdv%3D15000%26maxFdv%3D100000%26minAge%3D720%26maxAge%3D8640&js_render=true&antibot=true&premium_proxy=true>
RAVEN,RavenFund,18,2.5K,26K,26K,https://dexscreener.com/ethereum/0x2faf3040666ceb3636890d01ca12256749c54933,<200 https://api.zenrows.com/v1/?apikey=8aef56505dd4a963c9c1fe444cffe0873526cd1e&url=https%3A%2F%2Fdexscreener.com%2F%3FrankBy%3DtrendingScoreH6%26order%3Ddesc%26minLiq%3D1000%26minFdv%3D15000%26maxFdv%3D100000%26minAge%3D720%26maxAge%3D8640&js_render=true&antibot=true&premium_proxy=true>
Gr≈çk,Grok by Gr≈çk.com,3,626,28K,30K,https://dexscreener.com/ethereum/0xc71d4e4d01b61c52f4141cee0273ff4d00ea02f7,<200 https://api.zenrows.com/v1/?apikey=8aef56505dd4a963c9c1fe444cffe0873526cd1e&url=https%3A%2F%2Fdexscreener.com%2F%3FrankBy%3DtrendingScoreH6%26order%3Ddesc%26minLiq%3D1000%26minFdv%3D15000%26maxFdv%3D100000%26minAge%3D720%26maxAge%3D8640&js_render=true&antibot=true&premium_proxy=true>
FIDO,Fido,5,6.0K,48K,81K,https://dexscreener.com/ethereum/0xc908b3848960114091a1bcf9d649e27b25385642,<200 https://api.zenrows.com/v1/?apikey=8aef56505dd4a963c9c1fe444cffe0873526cd1e&url=https%3A%2F%2Fdexscreener.com%2F%3FrankBy%3DtrendingScoreH6%26order%3Ddesc%26minLiq%3D1000%26minFdv%3D15000%26maxFdv%3D100000%26minAge%3D720%26maxAge%3D8640&js_render=true&antibot=true&premium_proxy=true>
GTA6,GTA 6,7,751,25K,51K,https://dexscreener.com/ethereum/0x9b909d64866c677903af0481b0ec9b472078db34,<200 https://api.zenrows.com/v1/?apikey=8aef56505dd4a963c9c1fe444cffe0873526cd1e&url=https%3A%2F%2Fdexscreener.com%2F%3FrankBy%3DtrendingScoreH6%26order%3Ddesc%26minLiq%3D1000%26minFdv%3D15000%26maxFdv%3D100000%26minAge%3D720%26maxAge%3D8640&js_render=true&antibot=true&premium_proxy=true>
FATHOM,Fathom,10,130,26K,94K,https://dexscreener.com/bsc/0x2adcda5be92f4763f37f733ba9afee2a4c04ca52,<200 https://api.zenrows.com/v1/?apikey=8aef56505dd4a963c9c1fe444cffe0873526cd1e&url=https%3A%2F%2Fdexscreener.com%2F%3FrankBy%3DtrendingScoreH6%26order%3Ddesc%26minLiq%3D1000%26minFdv%3D15000%26maxFdv%3D100000%26minAge%3D720%26maxAge%3D8640&js_render=true&antibot=true&premium_proxy=true>
GETH,Goerli ETH,984,6.1K,67K,78K,https://dexscreener.com/arbitrum/0x0dcf98667c5400b7bc8de4ec2e4d03c5cd11fa85,<200 https://api.zenrows.com/v1/?apikey=8aef56505dd4a963c9c1fe444cffe0873526cd1e&url=https%3A%2F%2Fdexscreener.com%2F%3FrankBy%3DtrendingScoreH6%26order%3Ddesc%26minLiq%3D1000%26minFdv%3D15000%26maxFdv%3D100000%26minAge%3D720%26maxAge%3D8640&js_render=true&antibot=true&premium_proxy=true>
MAJIN,MAJIN,76,5.8K,9.4K,26K,https://dexscreener.com/avalanche/0xf261ebd3e99deaee37f4e1e15d7c05c9476e6d4e,<200 https://api.zenrows.com/v1/?apikey=8aef56505dd4a963c9c1fe444cffe0873526cd1e&url=https%3A%2F%2Fdexscreener.com%2F%3FrankBy%3DtrendingScoreH6%26order%3Ddesc%26minLiq%3D1000%26minFdv%3D15000%26maxFdv%3D100000%26minAge%3D720%26maxAge%3D8640&js_render=true&antibot=true&premium_proxy=true>
REKT,REKT,24,196,1.3K,86K,https://dexscreener.com/polygon/0x963b64b23d3a4cea6868eb37be7e8b7e8ef7e788,<200 https://api.zenrows.com/v1/?apikey=8aef56505dd4a963c9c1fe444cffe0873526cd1e&url=https%3A%2F%2Fdexscreener.com%2F%3FrankBy%3DtrendingScoreH6%26order%3Ddesc%26minLiq%3D1000%26minFdv%3D15000%26maxFdv%3D100000%26minAge%3D720%26maxAge%3D8640&js_render=true&antibot=true&premium_proxy=true>
GROK,GROK,8,4.0K,29K,51K,https://dexscreener.com/ethereum/0x53b93b36e07d77f3d56c1775ed8e984119205e5f,<200 https://api.zenrows.com/v1/?apikey=8aef56505dd4a963c9c1fe444cffe0873526cd1e&url=https%3A%2F%2Fdexscreener.com%2F%3FrankBy%3DtrendingScoreH6%26order%3Ddesc%26minLiq%3D1000%26minFdv%3D15000%26maxFdv%3D100000%26minAge%3D720%26maxAge%3D8640&js_render=true&antibot=true&premium_proxy=true>
mDXN,DBXen Token on Polygon,14,414,5.9K,85K,https://dexscreener.com/polygon/0x71712858e5536a2ef199b045e773fa230811821e,<200 https://api.zenrows.com/v1/?apikey=8aef56505dd4a963c9c1fe444cffe0873526cd1e&url=https%3A%2F%2Fdexscreener.com%2F%3FrankBy%3DtrendingScoreH6%26order%3Ddesc%26minLiq%3D1000%26minFdv%3D15000%26maxFdv%3D100000%26minAge%3D720%26maxAge%3D8640&js_render=true&antibot=true&premium_proxy=true>
PALM,PaLM AI,1,68,16K,18K,https://dexscreener.com/ethereum/0xa7f098116e0ec8087022a22608aae0a61dcf62ae,<200 https://api.zenrows.com/v1/?apikey=8aef56505dd4a963c9c1fe444cffe0873526cd1e&url=https%3A%2F%2Fdexscreener.com%2F%3FrankBy%3DtrendingScoreH6%26order%3Ddesc%26minLiq%3D1000%26minFdv%3D15000%26maxFdv%3D100000%26minAge%3D720%26maxAge%3D8640&js_render=true&antibot=true&premium_proxy=true>
BOWIE,Bowie,7,2.4K,31K,60K,https://dexscreener.com/ethereum/0x8a6386ee4c99c7bf7f325fb6b1af9328e30a5204,<200 https://api.zenrows.com/v1/?apikey=8aef56505dd4a963c9c1fe444cffe0873526cd1e&url=https%3A%2F%2Fdexscreener.com%2F%3FrankBy%3DtrendingScoreH6%26order%3Ddesc%26minLiq%3D1000%26minFdv%3D15000%26maxFdv%3D100000%26minAge%3D720%26maxAge%3D8640&js_render=true&antibot=true&premium_proxy=true>
ZETA,stoicDAO,4,89,62K,52K,https://dexscreener.com/ethereum/0x576466debc41a5c404e225d321070ddd2288e191,<200 https://api.zenrows.com/v1/?apikey=8aef56505dd4a963c9c1fe444cffe0873526cd1e&url=https%3A%2F%2Fdexscreener.com%2F%3FrankBy%3DtrendingScoreH6%26order%3Ddesc%26minLiq%3D1000%26minFdv%3D15000%26maxFdv%3D100000%26minAge%3D720%26maxAge%3D8640&js_render=true&antibot=true&premium_proxy=true>
CONKI,ConkInu,23,862,9.3K,34K,https://dexscreener.com/fantom/0x19f7c70e799bbd290ad01f1433b854cb738dca0d,<200 https://api.zenrows.com/v1/?apikey=8aef56505dd4a963c9c1fe444cffe0873526cd1e&url=https%3A%2F%2Fdexscreener.com%2F%3FrankBy%3DtrendingScoreH6%26order%3Ddesc%26minLiq%3D1000%26minFdv%3D15000%26maxFdv%3D100000%26minAge%3D720%26maxAge%3D8640&js_render=true&antibot=true&premium_proxy=true>
Troll,Troll Face,406,48K,61K,55K,https://dexscreener.com/bsc/0x76b1f589ea475ae07de876d421f9acc783342834,<200 https://api.zenrows.com/v1/?apikey=8aef56505dd4a963c9c1fe444cffe0873526cd1e&url=https%3A%2F%2Fdexscreener.com%2F%3FrankBy%3DtrendingScoreH6%26order%3Ddesc%26minLiq%3D1000%26minFdv%3D15000%26maxFdv%3D100000%26minAge%3D720%26maxAge%3D8640&js_render=true&antibot=true&premium_proxy=true>
DADS,POLYGON DADS,60,371,5.5K,31K,https://dexscreener.com/polygon/0x57430800827cb8259fa6afcc27bd55d9b45b53dd,<200 https://api.zenrows.com/v1/?apikey=8aef56505dd4a963c9c1fe444cffe0873526cd1e&url=https%3A%2F%2Fdexscreener.com%2F%3FrankBy%3DtrendingScoreH6%26order%3Ddesc%26minLiq%3D1000%26minFdv%3D15000%26maxFdv%3D100000%26minAge%3D720%26maxAge%3D8640&js_render=true&antibot=true&premium_proxy=true>
GROK2.0,GROK 2.0,8,2.1K,52K,97K,https://dexscreener.com/ethereum/0xdfc620f4243a09a6b618f24d5b7481cdef463536,<200 https://api.zenrows.com/v1/?apikey=8aef56505dd4a963c9c1fe444cffe0873526cd1e&url=https%3A%2F%2Fdexscreener.com%2F%3FrankBy%3DtrendingScoreH6%26order%3Ddesc%26minLiq%3D1000%26minFdv%3D15000%26maxFdv%3D100000%26minAge%3D720%26maxAge%3D8640&js_render=true&antibot=true&premium_proxy=true>
BTC,DeFi Bitcoin,2,257,32K,46K,https://dexscreener.com/ethereum/0xdc631bdcb5ad07d86643f6524de0fd8a33a00a9f,<200 https://api.zenrows.com/v1/?apikey=8aef56505dd4a963c9c1fe444cffe0873526cd1e&url=https%3A%2F%2Fdexscreener.com%2F%3FrankBy%3DtrendingScoreH6%26order%3Ddesc%26minLiq%3D1000%26minFdv%3D15000%26maxFdv%3D100000%26minAge%3D720%26maxAge%3D8640&js_render=true&antibot=true&premium_proxy=true>
BS9000,BabySmurf9000,20,15K,30K,68K,https://dexscreener.com/ethereum/0x066b2b559ecf68ff65558993a9c9fea12ccb3a0e,<200 https://api.zenrows.com/v1/?apikey=8aef56505dd4a963c9c1fe444cffe0873526cd1e&url=https%3A%2F%2Fdexscreener.com%2F%3FrankBy%3DtrendingScoreH6%26order%3Ddesc%26minLiq%3D1000%26minFdv%3D15000%26maxFdv%3D100000%26minAge%3D720%26maxAge%3D8640&js_render=true&antibot=true&premium_proxy=true>
BONKI,BONK INU,2,344,21K,27K,https://dexscreener.com/ethereum/0x30e9f1bd42a750ae600a70d07f8771bb90ec7eed,<200 https://api.zenrows.com/v1/?apikey=8aef56505dd4a963c9c1fe444cffe0873526cd1e&url=https%3A%2F%2Fdexscreener.com%2F%3FrankBy%3DtrendingScoreH6%26order%3Ddesc%26minLiq%3D1000%26minFdv%3D15000%26maxFdv%3D100000%26minAge%3D720%26maxAge%3D8640&js_render=true&antibot=true&premium_proxy=true>
$PING,Ping,3,508,48K,74K,https://dexscreener.com/ethereum/0x2fd71d411706ef9031cb839995139b09444db058,<200 https://api.zenrows.com/v1/?apikey=8aef56505dd4a963c9c1fe444cffe0873526cd1e&url=https%3A%2F%2Fdexscreener.com%2F%3FrankBy%3DtrendingScoreH6%26order%3Ddesc%26minLiq%3D1000%26minFdv%3D15000%26maxFdv%3D100000%26minAge%3D720%26maxAge%3D8640&js_render=true&antibot=true&premium_proxy=true>
YUKAN,Yukan Token,5,80,9.4K,79K,https://dexscreener.com/bsc/0x0797395fcad3f27059405f266080701a77688c7f,<200 https://api.zenrows.com/v1/?apikey=8aef56505dd4a963c9c1fe444cffe0873526cd1e&url=https%3A%2F%2Fdexscreener.com%2F%3FrankBy%3DtrendingScoreH6%26order%3Ddesc%26minLiq%3D1000%26minFdv%3D15000%26maxFdv%3D100000%26minAge%3D720%26maxAge%3D8640&js_render=true&antibot=true&premium_proxy=true>
opMoon,opMoon,15,292,19K,36K,https://dexscreener.com/opbnb/0xbb852c6a28ef19aecdb2ee08ef50072b250ba172,<200 https://api.zenrows.com/v1/?apikey=8aef56505dd4a963c9c1fe444cffe0873526cd1e&url=https%3A%2F%2Fdexscreener.com%2F%3FrankBy%3DtrendingScoreH6%26order%3Ddesc%26minLiq%3D1000%26minFdv%3D15000%26maxFdv%3D100000%26minAge%3D720%26maxAge%3D8640&js_render=true&antibot=true&premium_proxy=true>
TSLA,TototroSupermanChopperCinderella,3,129,19K,25K,https://dexscreener.com/ethereum/0xba2a50b90f055781c2c0846c4b548980831cc3f3,<200 https://api.zenrows.com/v1/?apikey=8aef56505dd4a963c9c1fe444cffe0873526cd1e&url=https%3A%2F%2Fdexscreener.com%2F%3FrankBy%3DtrendingScoreH6%26order%3Ddesc%26minLiq%3D1000%26minFdv%3D15000%26maxFdv%3D100000%26minAge%3D720%26maxAge%3D8640&js_render=true&antibot=true&premium_proxy=true>
CLIPPY,ClippyAI,7,2.9K,31K,36K,https://dexscreener.com/ethereum/0xc89e8a9b50fbf4222091867957eba7f8ef42dc41,<200 https://api.zenrows.com/v1/?apikey=8aef56505dd4a963c9c1fe444cffe0873526cd1e&url=https%3A%2F%2Fdexscreener.com%2F%3FrankBy%3DtrendingScoreH6%26order%3Ddesc%26minLiq%3D1000%26minFdv%3D15000%26maxFdv%3D100000%26minAge%3D720%26maxAge%3D8640&js_render=true&antibot=true&premium_proxy=true>
X,X AI,416,55K,42K,96K,https://dexscreener.com/bsc/0xc7bc2f04979a737b0287b7a7ba307a1ddc7c7531,<200 https://api.zenrows.com/v1/?apikey=8aef56505dd4a963c9c1fe444cffe0873526cd1e&url=https%3A%2F%2Fdexscreener.com%2F%3FrankBy%3DtrendingScoreH6%26order%3Ddesc%26minLiq%3D1000%26minFdv%3D15000%26maxFdv%3D100000%26minAge%3D720%26maxAge%3D8640&js_render=true&antibot=true&premium_proxy=true>
SWORD,SWORD,24,568,16K,27K,https://dexscreener.com/bsc/0x014213feb6558b68a650bb821a11948c238d5f6d,<200 https://api.zenrows.com/v1/?apikey=8aef56505dd4a963c9c1fe444cffe0873526cd1e&url=https%3A%2F%2Fdexscreener.com%2F%3FrankBy%3DtrendingScoreH6%26order%3Ddesc%26minLiq%3D1000%26minFdv%3D15000%26maxFdv%3D100000%26minAge%3D720%26maxAge%3D8640&js_render=true&antibot=true&premium_proxy=true>
DURT,DUTCH RABBIT,11,301,12K,36K,https://dexscreener.com/bsc/0xa9b532d25f08a5f75b2747efa146af9767112a4e,<200 https://api.zenrows.com/v1/?apikey=8aef56505dd4a963c9c1fe444cffe0873526cd1e&url=https%3A%2F%2Fdexscreener.com%2F%3FrankBy%3DtrendingScoreH6%26order%3Ddesc%26minLiq%3D1000%26minFdv%3D15000%26maxFdv%3D100000%26minAge%3D720%26maxAge%3D8640&js_render=true&antibot=true&premium_proxy=true>
!,WOW,5,982,15K,20K,https://dexscreener.com/ethereum/0x786690b38b7f1c766cad0337c615d88c2629d11c,<200 https://api.zenrows.com/v1/?apikey=8aef56505dd4a963c9c1fe444cffe0873526cd1e&url=https%3A%2F%2Fdexscreener.com%2F%3FrankBy%3DtrendingScoreH6%26order%3Ddesc%26minLiq%3D1000%26minFdv%3D15000%26maxFdv%3D100000%26minAge%3D720%26maxAge%3D8640&js_render=true&antibot=true&premium_proxy=true>
SAINT,Saintbot,2,1.5K,53K,70K,https://dexscreener.com/ethereum/0xc23b6695d4f346ff5aac33de9f2ead4505861d80,<200 https://api.zenrows.com/v1/?apikey=8aef56505dd4a963c9c1fe444cffe0873526cd1e&url=https%3A%2F%2Fdexscreener.com%2F%3FrankBy%3DtrendingScoreH6%26order%3Ddesc%26minLiq%3D1000%26minFdv%3D15000%26maxFdv%3D100000%26minAge%3D720%26maxAge%3D8640&js_render=true&antibot=true&premium_proxy=true>
KINGDOM,KingdomGame,2,605,41K,60K,https://dexscreener.com/ethereum/0x7ac46647b0b6850f445aaded0b2694c927cb0539,<200 https://api.zenrows.com/v1/?apikey=8aef56505dd4a963c9c1fe444cffe0873526cd1e&url=https%3A%2F%2Fdexscreener.com%2F%3FrankBy%3DtrendingScoreH6%26order%3Ddesc%26minLiq%3D1000%26minFdv%3D15000%26maxFdv%3D100000%26minAge%3D720%26maxAge%3D8640&js_render=true&antibot=true&premium_proxy=true>
AI.COM,AI.COM,2,779,17K,29K,https://dexscreener.com/ethereum/0xfd1edf2802fcad1bcc5bce6862d9296137a690af,<200 https://api.zenrows.com/v1/?apikey=8aef56505dd4a963c9c1fe444cffe0873526cd1e&url=https%3A%2F%2Fdexscreener.com%2F%3FrankBy%3DtrendingScoreH6%26order%3Ddesc%26minLiq%3D1000%26minFdv%3D15000%26maxFdv%3D100000%26minAge%3D720%26maxAge%3D8640&js_render=true&antibot=true&premium_proxy=true>
OMKG,OmniKingdoms Gold,20,998,36K,97K,https://dexscreener.com/scroll/0x63e3c9c06120af5dca2788ecbb30b923e52d0180,<200 https://api.zenrows.com/v1/?apikey=8aef56505dd4a963c9c1fe444cffe0873526cd1e&url=https%3A%2F%2Fdexscreener.com%2F%3FrankBy%3DtrendingScoreH6%26order%3Ddesc%26minLiq%3D1000%26minFdv%3D15000%26maxFdv%3D100000%26minAge%3D720%26maxAge%3D8640&js_render=true&antibot=true&premium_proxy=true>
HAMS,Hamsters,1,44,85K,71K,https://dexscreener.com/ethereum/0x479d7a7864e00668da1ee507fa1b925fb1b2ae19,<200 https://api.zenrows.com/v1/?apikey=8aef56505dd4a963c9c1fe444cffe0873526cd1e&url=https%3A%2F%2Fdexscreener.com%2F%3FrankBy%3DtrendingScoreH6%26order%3Ddesc%26minLiq%3D1000%26minFdv%3D15000%26maxFdv%3D100000%26minAge%3D720%26maxAge%3D8640&js_render=true&antibot=true&premium_proxy=true>
EGGS,Eggs,2,2.4K,33K,17K,https://dexscreener.com/ethereum/0xc54ba7aabe7164ca2aa092900060fe2ba6eccd8b,<200 https://api.zenrows.com/v1/?apikey=8aef56505dd4a963c9c1fe444cffe0873526cd1e&url=https%3A%2F%2Fdexscreener.com%2F%3FrankBy%3DtrendingScoreH6%26order%3Ddesc%26minLiq%3D1000%26minFdv%3D15000%26maxFdv%3D100000%26minAge%3D720%26maxAge%3D8640&js_render=true&antibot=true&premium_proxy=true>
MEVFree,MEVFree,48,5.2K,53K,36K,https://dexscreener.com/ethereum/0x893e963fc72609c585f09e8cb791ce52c254d7e8,<200 https://api.zenrows.com/v1/?apikey=8aef56505dd4a963c9c1fe444cffe0873526cd1e&url=https%3A%2F%2Fdexscreener.com%2F%3FrankBy%3DtrendingScoreH6%26order%3Ddesc%26minLiq%3D1000%26minFdv%3D15000%26maxFdv%3D100000%26minAge%3D720%26maxAge%3D8640&js_render=true&antibot=true&premium_proxy=true>
CARIB,Carib DAO,3,14,8.8K,20K,https://dexscreener.com/bsc/0xfa4ac363c455ff9cc3348616a26f1eae258ac665,<200 https://api.zenrows.com/v1/?apikey=8aef56505dd4a963c9c1fe444cffe0873526cd1e&url=https%3A%2F%2Fdexscreener.com%2F%3FrankBy%3DtrendingScoreH6%26order%3Ddesc%26minLiq%3D1000%26minFdv%3D15000%26maxFdv%3D100000%26minAge%3D720%26maxAge%3D8640&js_render=true&antibot=true&premium_proxy=true>
DOGGO,DoggoInu,3,18,6.6K,20K,https://dexscreener.com/fantom/0xa1a819f07a9bf15d9e11eb452636bfb37fcc7db9,<200 https://api.zenrows.com/v1/?apikey=8aef56505dd4a963c9c1fe444cffe0873526cd1e&url=https%3A%2F%2Fdexscreener.com%2F%3FrankBy%3DtrendingScoreH6%26order%3Ddesc%26minLiq%3D1000%26minFdv%3D15000%26maxFdv%3D100000%26minAge%3D720%26maxAge%3D8640&js_render=true&antibot=true&premium_proxy=true>
CARIB,Carib DAO,1,11,2.9K,20K,https://dexscreener.com/bsc/0xdf747c3f1e94f87255dbf4fd8e89ae03a6161fd1,<200 https://api.zenrows.com/v1/?apikey=8aef56505dd4a963c9c1fe444cffe0873526cd1e&url=https%3A%2F%2Fdexscreener.com%2F%3FrankBy%3DtrendingScoreH6%26order%3Ddesc%26minLiq%3D1000%26minFdv%3D15000%26maxFdv%3D100000%26minAge%3D720%26maxAge%3D8640&js_render=true&antibot=true&premium_proxy=true>
CARIB,Carib DAO,1,9,2.7K,20K,https://dexscreener.com/bsc/0x0553e2be9d37671592498487a9691d92fd313792,<200 https://api.zenrows.com/v1/?apikey=8aef56505dd4a963c9c1fe444cffe0873526cd1e&url=https%3A%2F%2Fdexscreener.com%2F%3FrankBy%3DtrendingScoreH6%26order%3Ddesc%26minLiq%3D1000%26minFdv%3D15000%26maxFdv%3D100000%26minAge%3D720%26maxAge%3D8640&js_render=true&antibot=true&premium_proxy=true>
E/ACC,e/acc,3,563,24K,39K,https://dexscreener.com/ethereum/0x5874c7ce2ff1a91b8e89bdc3d1167c5d7de2f2e1,<200 https://api.zenrows.com/v1/?apikey=8aef56505dd4a963c9c1fe444cffe0873526cd1e&url=https%3A%2F%2Fdexscreener.com%2F%3FrankBy%3DtrendingScoreH6%26order%3Ddesc%26minLiq%3D1000%26minFdv%3D15000%26maxFdv%3D100000%26minAge%3D720%26maxAge%3D8640&js_render=true&antibot=true&premium_proxy=true>
JJ,JJMOJI,7,1.1K,26K,48K,https://dexscreener.com/ethereum/0x22c5fdb171ceb269e970bd165976974accbc605d,<200 https://api.zenrows.com/v1/?apikey=8aef56505dd4a963c9c1fe444cffe0873526cd1e&url=https%3A%2F%2Fdexscreener.com%2F%3FrankBy%3DtrendingScoreH6%26order%3Ddesc%26minLiq%3D1000%26minFdv%3D15000%26maxFdv%3D100000%26minAge%3D720%26maxAge%3D8640&js_render=true&antibot=true&premium_proxy=true>
KABO,Kabochan,4,1.3K,16K,22K,https://dexscreener.com/ethereum/0x810d6ee275f5dcca9e2b7ed104c572a95bb8d39c,<200 https://api.zenrows.com/v1/?apikey=8aef56505dd4a963c9c1fe444cffe0873526cd1e&url=https%3A%2F%2Fdexscreener.com%2F%3FrankBy%3DtrendingScoreH6%26order%3Ddesc%26minLiq%3D1000%26minFdv%3D15000%26maxFdv%3D100000%26minAge%3D720%26maxAge%3D8640&js_render=true&antibot=true&premium_proxy=true>
GRINCH,THE GRINCH,11,3.0K,32K,82K,https://dexscreener.com/ethereum/0x7d38068cc0ce7f1a1aa657daab67fbc5e48fc9d5,<200 https://api.zenrows.com/v1/?apikey=8aef56505dd4a963c9c1fe444cffe0873526cd1e&url=https%3A%2F%2Fdexscreener.com%2F%3FrankBy%3DtrendingScoreH6%26order%3Ddesc%26minLiq%3D1000%26minFdv%3D15000%26maxFdv%3D100000%26minAge%3D720%26maxAge%3D8640&js_render=true&antibot=true&premium_proxy=true>
SACA,Sacabambaspis,4,316,17K,23K,https://dexscreener.com/ethereum/0x80276073853bcd0d5283c70dc9bae52a23d35dee,<200 https://api.zenrows.com/v1/?apikey=8aef56505dd4a963c9c1fe444cffe0873526cd1e&url=https%3A%2F%2Fdexscreener.com%2F%3FrankBy%3DtrendingScoreH6%26order%3Ddesc%26minLiq%3D1000%26minFdv%3D15000%26maxFdv%3D100000%26minAge%3D720%26maxAge%3D8640&js_render=true&antibot=true&premium_proxy=true>
DEXAI,DEX AI,1,65,14K,24K,https://dexscreener.com/ethereum/0x31932ca947b8cff1409c5adc3e38a68579e16503,<200 https://api.zenrows.com/v1/?apikey=8aef56505dd4a963c9c1fe444cffe0873526cd1e&url=https%3A%2F%2Fdexscreener.com%2F%3FrankBy%3DtrendingScoreH6%26order%3Ddesc%26minLiq%3D1000%26minFdv%3D15000%26maxFdv%3D100000%26minAge%3D720%26maxAge%3D8640&js_render=true&antibot=true&premium_proxy=true>
ROCKET,üöÄ,770,2.0K,3.5K,17K,https://dexscreener.com/bsc/0xce2a9461b9944c1a8a0cfe2cacedb69ee25d4ed4,<200 https://api.zenrows.com/v1/?apikey=8aef56505dd4a963c9c1fe444cffe0873526cd1e&url=https%3A%2F%2Fdexscreener.com%2F%3FrankBy%3DtrendingScoreH6%26order%3Ddesc%26minLiq%3D1000%26minFdv%3D15000%26maxFdv%3D100000%26minAge%3D720%26maxAge%3D8640&js_render=true&antibot=true&premium_proxy=true>
ALTD,Altitude,38,1.2K,6.5K,81K,https://dexscreener.com/arbitrum/0xda181136e923590040a81946c921c8cd6a70c0e9,<200 https://api.zenrows.com/v1/?apikey=8aef56505dd4a963c9c1fe444cffe0873526cd1e&url=https%3A%2F%2Fdexscreener.com%2F%3FrankBy%3DtrendingScoreH6%26order%3Ddesc%26minLiq%3D1000%26minFdv%3D15000%26maxFdv%3D100000%26minAge%3D720%26maxAge%3D8640&js_render=true&antibot=true&premium_proxy=true>
0101,binaryswap.io,26,121,64K,66K,https://dexscreener.com/opbnb/0x506b8322e1159d06e493ebe7ffa41a24291e7ae3,<200 https://api.zenrows.com/v1/?apikey=8aef56505dd4a963c9c1fe444cffe0873526cd1e&url=https%3A%2F%2Fdexscreener.com%2F%3FrankBy%3DtrendingScoreH6%26order%3Ddesc%26minLiq%3D1000%26minFdv%3D15000%26maxFdv%3D100000%26minAge%3D720%26maxAge%3D8640&js_render=true&antibot=true&premium_proxy=true>
Web3,Web3,17,2.8K,64K,75K,https://dexscreener.com/bsc/0x5ed24ac41aa420866908caa2c81352387fa6ddb0,<200 https://api.zenrows.com/v1/?apikey=8aef56505dd4a963c9c1fe444cffe0873526cd1e&url=https%3A%2F%2Fdexscreener.com%2F%3FrankBy%3DtrendingScoreH6%26order%3Ddesc%26minLiq%3D1000%26minFdv%3D15000%26maxFdv%3D100000%26minAge%3D720%26maxAge%3D8640&js_render=true&antibot=true&premium_proxy=true>
LOL,LOL,297,11K,8.8K,43K,https://dexscreener.com/bsc/0x90d3aaa53493704723472a461994195971b2b753,<200 https://api.zenrows.com/v1/?apikey=8aef56505dd4a963c9c1fe444cffe0873526cd1e&url=https%3A%2F%2Fdexscreener.com%2F%3FrankBy%3DtrendingScoreH6%26order%3Ddesc%26minLiq%3D1000%26minFdv%3D15000%26maxFdv%3D100000%26minAge%3D720%26maxAge%3D8640&js_render=true&antibot=true&premium_proxy=true>
NOVA,Nova Token,3,52,65K,79K,https://dexscreener.com/ethereum/0x9468e2c401e13522e684e60005e388f7c395de92,<200 https://api.zenrows.com/v1/?apikey=8aef56505dd4a963c9c1fe444cffe0873526cd1e&url=https%3A%2F%2Fdexscreener.com%2F%3FrankBy%3DtrendingScoreH6%26order%3Ddesc%26minLiq%3D1000%26minFdv%3D15000%26maxFdv%3D100000%26minAge%3D720%26maxAge%3D8640&js_render=true&antibot=true&premium_proxy=true>
WAR3,Web War 3,1,462,15K,59K,https://dexscreener.com/ethereum/0xe44975f2e85c63ef1a3721994cbbc2a87beeaab0,<200 https://api.zenrows.com/v1/?apikey=8aef56505dd4a963c9c1fe444cffe0873526cd1e&url=https%3A%2F%2Fdexscreener.com%2F%3FrankBy%3DtrendingScoreH6%26order%3Ddesc%26minLiq%3D1000%26minFdv%3D15000%26maxFdv%3D100000%26minAge%3D720%26maxAge%3D8640&js_render=true&antibot=true&premium_proxy=true>
SHEPE,Shiba V Pepe,2,253,49K,76K,https://dexscreener.com/ethereum/0x99a65698566e757610d5aa2372f6a0c7df92ae9f,<200 https://api.zenrows.com/v1/?apikey=8aef56505dd4a963c9c1fe444cffe0873526cd1e&url=https%3A%2F%2Fdexscreener.com%2F%3FrankBy%3DtrendingScoreH6%26order%3Ddesc%26minLiq%3D1000%26minFdv%3D15000%26maxFdv%3D100000%26minAge%3D720%26maxAge%3D8640&js_render=true&antibot=true&premium_proxy=true>
LMI,Lockheed Martin Inu,2,412,34K,66K,https://dexscreener.com/ethereum/0xc715a91f98a3370c8806b54c1a4738d85753848b,<200 https://api.zenrows.com/v1/?apikey=8aef56505dd4a963c9c1fe444cffe0873526cd1e&url=https%3A%2F%2Fdexscreener.com%2F%3FrankBy%3DtrendingScoreH6%26order%3Ddesc%26minLiq%3D1000%26minFdv%3D15000%26maxFdv%3D100000%26minAge%3D720%26maxAge%3D8640&js_render=true&antibot=true&premium_proxy=true>
ROCK,ROCK,1,103,33K,53K,https://dexscreener.com/ethereum/0x9c192844d3ce23dd10ad8dba6acf272f6a1b89f5,<200 https://api.zenrows.com/v1/?apikey=8aef56505dd4a963c9c1fe444cffe0873526cd1e&url=https%3A%2F%2Fdexscreener.com%2F%3FrankBy%3DtrendingScoreH6%26order%3Ddesc%26minLiq%3D1000%26minFdv%3D15000%26maxFdv%3D100000%26minAge%3D720%26maxAge%3D8640&js_render=true&antibot=true&premium_proxy=true>
LEEROY,LEEEEEEEEEEEROOOOY JENKINNNNNS!!!!,3,695,32K,61K,https://dexscreener.com/ethereum/0x3574948e6ba1d48a57f4ade944bc0e4eb20f7d5e,<200 https://api.zenrows.com/v1/?apikey=8aef56505dd4a963c9c1fe444cffe0873526cd1e&url=https%3A%2F%2Fdexscreener.com%2F%3FrankBy%3DtrendingScoreH6%26order%3Ddesc%26minLiq%3D1000%26minFdv%3D15000%26maxFdv%3D100000%26minAge%3D720%26maxAge%3D8640&js_render=true&antibot=true&premium_proxy=true>
DARK,Dark Forest,1,10,26K,32K,https://dexscreener.com/ethereum/0xf7031f8b312c541bb57c9a5ac049666c039d013b,<200 https://api.zenrows.com/v1/?apikey=8aef56505dd4a963c9c1fe444cffe0873526cd1e&url=https%3A%2F%2Fdexscreener.com%2F%3FrankBy%3DtrendingScoreH6%26order%3Ddesc%26minLiq%3D1000%26minFdv%3D15000%26maxFdv%3D100000%26minAge%3D720%26maxAge%3D8640&js_render=true&antibot=true&premium_proxy=true>
DERP,Derp,15,147,3.3K,70K,https://dexscreener.com/base/0xd6e59c35b11fb4b0c0855e27b29a49a8afa2b840,<200 https://api.zenrows.com/v1/?apikey=8aef56505dd4a963c9c1fe444cffe0873526cd1e&url=https%3A%2F%2Fdexscreener.com%2F%3FrankBy%3DtrendingScoreH6%26order%3Ddesc%26minLiq%3D1000%26minFdv%3D15000%26maxFdv%3D100000%26minAge%3D720%26maxAge%3D8640&js_render=true&antibot=true&premium_proxy=true>
GBURN,GBURN,63,9.4K,37K,96K,https://dexscreener.com/bsc/0xfc9ad7c306282e20da98d1011bd3dd7dc613c975,<200 https://api.zenrows.com/v1/?apikey=8aef56505dd4a963c9c1fe444cffe0873526cd1e&url=https%3A%2F%2Fdexscreener.com%2F%3FrankBy%3DtrendingScoreH6%26order%3Ddesc%26minLiq%3D1000%26minFdv%3D15000%26maxFdv%3D100000%26minAge%3D720%26maxAge%3D8640&js_render=true&antibot=true&premium_proxy=true>
$WAKANDA,WAKANDAN DOLLAR,61,1.1K,4.2K,25K,https://dexscreener.com/bsc/0x65172e5790f7e9f254d1082f0d7e3b7f1d2c13cd,<200 https://api.zenrows.com/v1/?apikey=8aef56505dd4a963c9c1fe444cffe0873526cd1e&url=https%3A%2F%2Fdexscreener.com%2F%3FrankBy%3DtrendingScoreH6%26order%3Ddesc%26minLiq%3D1000%26minFdv%3D15000%26maxFdv%3D100000%26minAge%3D720%26maxAge%3D8640&js_render=true&antibot=true&premium_proxy=true>
OPIUM,Opium Bird,3,692,30K,43K,https://dexscreener.com/ethereum/0x1885de8f5773e09cd01c2246508897a40de06160,<200 https://api.zenrows.com/v1/?apikey=8aef56505dd4a963c9c1fe444cffe0873526cd1e&url=https%3A%2F%2Fdexscreener.com%2F%3FrankBy%3DtrendingScoreH6%26order%3Ddesc%26minLiq%3D1000%26minFdv%3D15000%26maxFdv%3D100000%26minAge%3D720%26maxAge%3D8640&js_render=true&antibot=true&premium_proxy=true>
BEAST,Cyberbeast,5,1.6K,26K,45K,https://dexscreener.com/ethereum/0xe98d3fff3fad49d2eddcd276e8efea03e7475eb3,<200 https://api.zenrows.com/v1/?apikey=8aef56505dd4a963c9c1fe444cffe0873526cd1e&url=https%3A%2F%2Fdexscreener.com%2F%3FrankBy%3DtrendingScoreH6%26order%3Ddesc%26minLiq%3D1000%26minFdv%3D15000%26maxFdv%3D100000%26minAge%3D720%26maxAge%3D8640&js_render=true&antibot=true&premium_proxy=true>
GMBT,GMBOT,1,390,29K,42K,https://dexscreener.com/ethereum/0xa87d83e423e16205cb43d701b11a39327435124d,<200 https://api.zenrows.com/v1/?apikey=8aef56505dd4a963c9c1fe444cffe0873526cd1e&url=https%3A%2F%2Fdexscreener.com%2F%3FrankBy%3DtrendingScoreH6%26order%3Ddesc%26minLiq%3D1000%26minFdv%3D15000%26maxFdv%3D100000%26minAge%3D720%26maxAge%3D8640&js_render=true&antibot=true&premium_proxy=true>
IGNT,Ignite,6,515,10K,15K,https://dexscreener.com/ethereum/0xb252697ddf0d2d979b1b262429b27f2254f16999,<200 https://api.zenrows.com/v1/?apikey=8aef56505dd4a963c9c1fe444cffe0873526cd1e&url=https%3A%2F%2Fdexscreener.com%2F%3FrankBy%3DtrendingScoreH6%26order%3Ddesc%26minLiq%3D1000%26minFdv%3D15000%26maxFdv%3D100000%26minAge%3D720%26maxAge%3D8640&js_render=true&antibot=true&premium_proxy=true>
GROQ,GROQ,4,485,16K,25K,https://dexscreener.com/ethereum/0xf5da817551bcc2e98583bb703ae8e3eee4aa40b6,<200 https://api.zenrows.com/v1/?apikey=8aef56505dd4a963c9c1fe444cffe0873526cd1e&url=https%3A%2F%2Fdexscreener.com%2F%3FrankBy%3DtrendingScoreH6%26order%3Ddesc%26minLiq%3D1000%26minFdv%3D15000%26maxFdv%3D100000%26minAge%3D720%26maxAge%3D8640&js_render=true&antibot=true&premium_proxy=true>
REPO,repossession,28,12K,43K,96K,https://dexscreener.com/ethereum/0x7418ab7828c07df7fe299c0ecb3a780620fa880c,<200 https://api.zenrows.com/v1/?apikey=8aef56505dd4a963c9c1fe444cffe0873526cd1e&url=https%3A%2F%2Fdexscreener.com%2F%3FrankBy%3DtrendingScoreH6%26order%3Ddesc%26minLiq%3D1000%26minFdv%3D15000%26maxFdv%3D100000%26minAge%3D720%26maxAge%3D8640&js_render=true&antibot=true&premium_proxy=true>
TOILET,Skibidi Toilet,12,3.1K,19K,27K,https://dexscreener.com/ethereum/0xdc02a27a9a4acb8fc194004004e4ad3d703efef3,<200 https://api.zenrows.com/v1/?apikey=8aef56505dd4a963c9c1fe444cffe0873526cd1e&url=https%3A%2F%2Fdexscreener.com%2F%3FrankBy%3DtrendingScoreH6%26order%3Ddesc%26minLiq%3D1000%26minFdv%3D15000%26maxFdv%3D100000%26minAge%3D720%26maxAge%3D8640&js_render=true&antibot=true&premium_proxy=true>
CHAP,Chappie,8,3.8K,55K,80K,https://dexscreener.com/ethereum/0x3268ec60b60958ca9397576af1f896694ce5aafc,<200 https://api.zenrows.com/v1/?apikey=8aef56505dd4a963c9c1fe444cffe0873526cd1e&url=https%3A%2F%2Fdexscreener.com%2F%3FrankBy%3DtrendingScoreH6%26order%3Ddesc%26minLiq%3D1000%26minFdv%3D15000%26maxFdv%3D100000%26minAge%3D720%26maxAge%3D8640&js_render=true&antibot=true&premium_proxy=true>
FSD12,FSD 12,11,5.2K,30K,83K,https://dexscreener.com/ethereum/0x85504b373ff47051659254bd01e9c475024254fa,<200 https://api.zenrows.com/v1/?apikey=8aef56505dd4a963c9c1fe444cffe0873526cd1e&url=https%3A%2F%2Fdexscreener.com%2F%3FrankBy%3DtrendingScoreH6%26order%3Ddesc%26minLiq%3D1000%26minFdv%3D15000%26maxFdv%3D100000%26minAge%3D720%26maxAge%3D8640&js_render=true&antibot=true&premium_proxy=true>
$10X,10XPad,11,6.5K,30K,63K,https://dexscreener.com/ethereum/0x4b684be3f91aea66d076f01d4ee3acab3d510700,<200 https://api.zenrows.com/v1/?apikey=8aef56505dd4a963c9c1fe444cffe0873526cd1e&url=https%3A%2F%2Fdexscreener.com%2F%3FrankBy%3DtrendingScoreH6%26order%3Ddesc%26minLiq%3D1000%26minFdv%3D15000%26maxFdv%3D100000%26minAge%3D720%26maxAge%3D8640&js_render=true&antibot=true&premium_proxy=true>
BUTTER,Butter,1,113,88K,62K,https://dexscreener.com/ethereum/0xb44cf0fadb3230906ded38c878e8b68a4bf69921,<200 https://api.zenrows.com/v1/?apikey=8aef56505dd4a963c9c1fe444cffe0873526cd1e&url=https%3A%2F%2Fdexscreener.com%2F%3FrankBy%3DtrendingScoreH6%26order%3Ddesc%26minLiq%3D1000%26minFdv%3D15000%26maxFdv%3D100000%26minAge%3D720%26maxAge%3D8640&js_render=true&antibot=true&premium_proxy=true>
CryptoPesos,Crypto Pesos,55,4.8K,53K,52K,https://dexscreener.com/bsc/0x6c7336d6dd9947481bc6f81f670a104cb963ea39,<200 https://api.zenrows.com/v1/?apikey=8aef56505dd4a963c9c1fe444cffe0873526cd1e&url=https%3A%2F%2Fdexscreener.com%2F%3FrankBy%3DtrendingScoreH6%26order%3Ddesc%26minLiq%3D1000%26minFdv%3D15000%26maxFdv%3D100000%26minAge%3D720%26maxAge%3D8640&js_render=true&antibot=true&premium_proxy=true>
BASED,BASED Token,25,189,7.7K,52K,https://dexscreener.com/base/0x5f45e48f9c053286ce9ca08db897f8b7eb3f7992,<200 https://api.zenrows.com/v1/?apikey=8aef56505dd4a963c9c1fe444cffe0873526cd1e&url=https%3A%2F%2Fdexscreener.com%2F%3FrankBy%3DtrendingScoreH6%26order%3Ddesc%26minLiq%3D1000%26minFdv%3D15000%26maxFdv%3D100000%26minAge%3D720%26maxAge%3D8640&js_render=true&antibot=true&premium_proxy=true>
